id,name,rate
1000,Alabama,0001
1001,Autauga,0001
1003,Baldwin,0001
1005,Barbour,0001
1007,Bibb,0001
1009,Blount,0001
1011,Bullock,0001
1013,Butler,0001
1015,Calhoun,0001
1017,Chambers,0003
1019,Cherokee,0003
1021,Chilton,0003
1023,Choctaw,0003
1025,Clarke,0003
1027,Clay,0003
1029,Cleburne,0003
1031,Coffee,0003
1033,Colbert,0003
1035,Conecuh,0003
1037,Coosa,0003
1039,Covington,0003
1041,Crenshaw,0003
1043,Cullman,0007
1045,Dale,0007
1047,Dallas,0007
1049,De Kalb,0007
1051,Elmore,0007
1053,Escambia,0007
1055,Etowah,0007
1057,Fayette,0007
1059,Franklin,0007
1061,Geneva,0007
1063,Greene,0007
1065,Hale,0010
1067,Henry,0010
1069,Houston,0010
1071,Jackson.0010
1073,Jefferson.0010
1075,Lamar.0010
1077,Lauderdale.0010
1079,Lawrence.0010
1081,Lee.0010
1083,Limestone.0010
1085,Lowndes.0010
1087,Macon.0010
1089,Madison.0010
1091,Marengo.0010
1093,Marion.0010
1095,Marshall.0010
1097,Mobile.0010
1099,Monroe,0034
1101,Montgomery,0034
1103,Morgan,0034
1105,Perry,0034
1107,Pickens,0034
1109,Pike,0034
1111,Randolph,0034
1113,Russell,0034
1115,St. Clair,0034
1117,Shelby,0034
1119,Sumter,0023
1121,Talladega,0023
1123,Tallapoosa,0023
1125,Tuscaloosa,0023
1127,Walker,0023
1129,Washington,0023
1131,Wilcox,0008
1133,Winston,0008
2000,Alaska,0008
2013,Aleutians East,0008
2016,Aleutians West,0008
2020,Anchorage,0008
2050,Bethel,0008
2060,Bristol Bay,0008
2068,Denali,0008
2070,Dillingham,0008
2090,Fairbanks North Star,0008
2100,Haines,0008
2110,Juneau,0045
2122,Kenai Peninsula,0045
2130,Ketchikan Gateway,0045
2150,Kodiak Island,0045
2164,Lake and Peninsula,0045
2170,Matanuska-Susitna,0045
2180,Nome,0045
2185,North Slope,0045
2188,Northwest Arctic,0045
2201,Prince of Wales-Outer Ketchikan,0045
2220,Sitka,0045
2232,Skagway-Hoonah-Angoon,0045
2240,Southeast Fairbanks,0045
2261,Valdez-Cordova,0045
2270,Wade Hampton,0045
2280,Wrangell-Petersburg,0045
2282,Yakutat,0020
2290,Yukon-Koyukuk,0020
4000,Arizona,0020
4001,Apache,0020
4003,Cochise,0020
4005,Coconino,0020
4007,Gila,0020
4009,Graham,0020
4011,Greenlee,0020
4012,La Paz,0020
4013,Maricopa,0020
4015,Mohave,0020
4017,Navajo,0020
4019,Pima,0037
4021,Pinal,0037
4023,Santa Cruz,0037
4025,Yavapai,0037
4027,Yuma,0037
5000,Arkansas,0037
5001,Arkansas,0037
5003,Ashley,0037
5005,Baxter,0037
5007,Benton,0037
5009,Boone,0037
5011,Bradley,0037
5013,Calhoun,0037
5015,Carroll,0037
5017,Chicot,0037
5019,Clark,0037
5021,Clay,0037
5023,Cleburne,0037
5025,Cleveland,0037
5027,Columbia,0037
5029,Conway,0037
5031,Craighead,0037
5033,Crawford,0037
5035,Crittenden,0037
5037,Cross,0037
5039,Dallas,0037
5041,Desha,0037
5043,Drew,0037
5045,Faulkner,0037
5047,Franklin,0037
5049,Fulton,0021
5051,Garland,0021
5053,Grant,0021
5055,Greene,0021
5057,Hempstead,0021
5059,Hot Spring,0021
5061,Howard,0021
5063,Independence,0021
5065,Izard,0021
5067,Jackson,0021
5069,Jefferson,0021
5071,Johnson,0021
5073,Lafayette,0021
5075,Lawrence,0021
5077,Lee,0021
5079,Lincoln,0021
5081,Little River,0021
5083,Logan,0013
5085,Lonoke,0013
5087,Madison,0013
5089,Marion,0013
5091,Miller,0013
5093,Mississippi,0013
5095,Monroe,0013
5097,Montgomery,0013
5099,Nevada,0013
5101,Newton,0013
5103,Ouachita,0013
5105,Perry,0013
5107,Phillips,0013
5109,Pike,0013
5111,Poinsett,0013
5113,Polk,0013
5115,Pope,0013
5117,Prairie,0013
5119,Pulaski,0013
5121,Randolph,0013
5123,St. Francis,0013
5125,Saline,0013
5127,Scott,0013
5129,Searcy,0013
5131,Sebastian,0013
5133,Sevier,0013
5135,Sharp,0013
5137,Stone,0026
5139,Union,0026
5141,Van Buren,0026
5143,Washington,0026
5145,White,0026
5147,Woodruff,0026
5149,Yell,0026
6000,California,0026
6001,Alameda,0026
6003,Alpine,0026
6005,Amador,0026
6007,Butte,0026
6009,Calaveras,0026
6011,Colusa,0026
6013,Contra Costa,0026
6015,Del Norte,0026
6017,El Dorado,0026
6019,Fresno,0026
6021,Glenn,0026
6023,Humboldt,0026
6025,Imperial,0026
6027,Inyo,0026
6029,Kern,0005
6031,Kings,0005
6033,Lake,0005
6035,Lassen,0005
6037,Los Angeles,0005
6039,Madera,0005
6041,Marin,0005
6043,Mariposa,0005
6045,Mendocino,0005
6047,Merced,0005
6049,Modoc,0005
6051,Mono,0005
6053,Monterey,0005
6055,Napa,0005
6057,Nevada,0005
6059,Orange,0005
6061,Placer,0005
6063,Plumas,0005
6065,Riverside,0005
6067,Sacramento,0005
6069,San Benito,0005
6071,San Bernardino,0005
6073,San Diego,0005
6075,San Francisco,0005
6077,San Joaquin,0005
6079,San Luis Obispo,0005
6081,San Mateo,0005
6083,Santa Barbara,0005
6085,Santa Clara,0005
6087,Santa Cruz,0005
6089,Shasta,0005
6091,Sierra,0005
6093,Siskiyou,0005
6095,Solano,0005
6097,Sonoma,0005
6099,Stanislaus,0005
6101,Sutter,0005
6103,Tehama,0005
6105,Trinity,0005
6107,Tulare,0005
6109,Tuolumne,0037
6111,Ventura,0037
6113,Yolo,0037
6115,Yuba,0037
8000,Colorado,0037
8001,Adams,0037
8003,Alamosa,0037
8005,Arapahoe,0037
8007,Archuleta,0037
8009,Baca,0037
8011,Bent,0037
8013,Boulder,0037
8015,Chaffee,0037
8017,Cheyenne,0037
8019,Clear Creek,0037
8021,Conejos,0037
8023,Costilla,0037
8025,Crowley,0037
8027,Custer,0037
8029,Delta,0037
8031,Denver,0037
8033,Dolores,0037
8035,Douglas,0037
8037,Eagle,0037
8039,Elbert,0037
8041,El Paso,0037
8043,Fremont,0037
8045,Garfield,0037
8047,Gilpin,0037
8049,Grand,0037
8051,Gunnison,0037
8053,Hinsdale,0037
8055,Huerfano,0037
8057,Jackson,0037
8059,Jefferson,0037
8061,Kiowa,0037
8063,Kit Carson,0037
8065,Lake,0037
8067,La Plata,0037
8069,Larimer,0037
8071,Las Animas,0037
8073,Lincoln,0037
8075,Logan,0037
8077,Mesa,0037
8079,Mineral,0037
8081,Moffat,0037
8083,Montezuma,0037
8085,Montrose,0037
8087,Morgan,0009
8089,Otero,0009
8091,Ouray,0009
8093,Park,0009
8095,Phillips,0009
8097,Pitkin,0009
8099,Prowers,0009
8101,Pueblo,0009
8103,Rio Blanco,0009
8105,Rio Grande,0009
8107,Routt,0009
8109,Saguache,0009
8111,San Juan,0009
8113,San Miguel,0009
8115,Sedgwick,0009
8117,Summit,0009
8119,Teller,0009
8121,Washington,0009
8123,Weld,0009
8125,Yuma,0009
9000,Connecticut,0009
9001,Fairfield,0009
9003,Hartford,0009
9005,Litchfield,0009
9007,Middlesex,0009
9009,New Haven,0009
9011,New London,0009
9013,Tolland,0009
9015,Windham,0009
10000,Delaware,0009
10001,Kent,0009
10003,New Castle,0009
10005,Sussex,0009
11000,District of Columbia,0009
11001,District of Columbia,0009
12000,Florida,0009
12001,Alachua,0009
12003,Baker,0009
12005,Bay,0009
12007,Bradford,0009
12009,Brevard,0009
12011,Broward,0009
12013,Calhoun,0009
12015,Charlotte,0009
12017,Citrus,0009
12019,Clay,0009
12021,Collier,0009
12023,Columbia,0009
12025,Dade,0009
12027,De Soto,0009
12029,Dixie,0009
12031,Duval,0009
12033,Escambia,0016
12035,Flagler,0016
12037,Franklin,0016
12039,Gadsden,0016
12041,Gilchrist,0016
12043,Glades,0016
12045,Gulf,0016
12047,Hamilton,0016
12049,Hardee,0016
12051,Hendry,0016
12053,Hernando,0016
12055,Highlands,0016
12057,Hillsborough,0016
12059,Holmes,0016
12061,Indian River,0016
12063,Jackson,0016
12065,Jefferson,0016
12067,Lafayette,0016
12069,Lake,0016
12071,Lee,0016
12073,Leon,0016
12075,Levy,0016
12077,Liberty,0016
12079,Madison,0016
12081,Manatee,0016
12083,Marion,0016
12085,Martin,0016
12087,Monroe,0016
12089,Nassau,0016
12091,Okaloosa,0016
12093,Okeechobee,0016
12095,Orange,0016
12097,Osceola,0016
12099,Palm Beach,0016
12101,Pasco,0016
12103,Pinellas,0016
12105,Polk,0016
12107,Putnam,0016
12109,St. Johns,0016
12111,St. Lucie,0016
12113,Santa Rosa,0043
12115,Sarasota,0043
12117,Seminole,0043
12119,Sumter,0043
12121,Suwannee,0043
12123,Taylor,0043
12125,Union,0043
12127,Volusia,0043
12129,Wakulla,0043
12131,Walton,0043
12133,Washington,0043
13000,Georgia,0043
13001,Appling,0043
13003,Atkinson,0043
13005,Bacon,0043
13007,Baker,0043
13009,Baldwin,0043
13011,Banks,0043
13013,Barrow,0043
13015,Bartow,0043
13017,Ben Hill,0043
13019,Berrien,0043
13021,Bibb,0043
13023,Bleckley,0043
13025,Brantley,0043
13027,Brooks,0043
13029,Bryan,0043
13031,Bulloch,0043
13033,Burke,0043
13035,Butts,0043
13037,Calhoun,0024
13039,Camden,0024
13043,Candler,0024
13045,Carroll,0024
13047,Catoosa,0024
13049,Charlton,0024
13051,Chatham,0024
13053,Chattahoochee,0024
13055,Chattooga,0024
13057,Cherokee,0024
13059,Clarke,0024
13061,Clay,0024
13063,Clayton,0024
13065,Clinch,0024
13067,Cobb,0024
13069,Coffee,0024
13071,Colquitt,0024
13073,Columbia,0024
13075,Cook,0024
13077,Coweta,0024
13079,Crawford,0024
13081,Crisp,0024
13083,Dade,0024
13085,Dawson,0024
13087,Decatur,0024
13089,De Kalb,0024
13091,Dodge,0024
13093,Dooly,0008
13095,Dougherty,0008
13097,Douglas,0008
13099,Early,0008
13101,Echols,0008
13103,Effingham,0008
13105,Elbert,0008
13107,Emanuel,0008
13109,Evans,0008
13111,Fannin,0008
13113,Fayette,0008
13115,Floyd,0008
13117,Forsyth,0008
13119,Franklin,0008
13121,Fulton,0008
13123,Gilmer,0008
13125,Glascock,0008
13127,Glynn,0008
13129,Gordon,0008
13131,Grady,0008
13133,Greene,0008
13135,Gwinnett,0008
13137,Habersham,0008
13139,Hall,0008
13141,Hancock,0008
13143,Haralson,0008
13145,Harris,0008
13147,Hart,0008
13149,Heard,0008
13151,Henry,0008
13153,Houston,0008
13155,Irwin,0008
13157,Jackson,0008
13159,Jasper,0008
13161,Jeff Davis,0008
13163,Jefferson,0008
13165,Jenkins,0008
13167,Johnson,0008
13169,Jones,0008
13171,Lamar,0008
13173,Lanier,0008
13175,Laurens,0008
13177,Lee,0008
13179,Liberty,0008
13181,Lincoln,0008
13183,Long,0008
13185,Lowndes,0008
13187,Lumpkin,0008
13189,McDuffie,0008
13191,McIntosh,0008
13193,Macon,0008
13195,Madison,0008
13197,Marion,0008
13199,Meriwether,0008
13201,Miller,0008
13205,Mitchell,0008
13207,Monroe,0008
13209,Montgomery,0008
13211,Morgan,0008
13213,Murray,0008
13215,Muscogee,0008
13217,Newton,0008
13219,Oconee,0008
13221,Oglethorpe,0008
13223,Paulding,0008
13225,Peach,0008
13227,Pickens,0008
13229,Pierce,0008
13231,Pike,0008
13233,Polk,0008
13235,Pulaski,0008
13237,Putnam,0008
13239,Quitman,0008
13241,Rabun,0008
13243,Randolph,0008
13245,Richmond,0008
13247,Rockdale,0008
13249,Schley,0008
13251,Screven,0008
13253,Seminole,0008
13255,Spalding,0008
13257,Stephens,0008
13259,Stewart,0008
13261,Sumter,0008
13263,Talbot,0008
13265,Taliaferro,0008
13267,Tattnall,0008
13269,Taylor,0008
13271,Telfair,0008
13273,Terrell,0008
13275,Thomas,0008
13277,Tift,0008
13279,Toombs,0008
13281,Towns,0008
13283,Treutlen,0008
13285,Troup,0008
13287,Turner,0008
13289,Twiggs,0008
13291,Union,0008
13293,Upson,0008
13295,Walker,0008
13297,Walton,0008
13299,Ware,0008
13301,Warren,0008
13303,Washington,0008
13305,Wayne,0008
13307,Webster,0008
13309,Wheeler,0008
13311,White,0008
13313,Whitfield,0008
13315,Wilcox,0008
13317,Wilkes,0008
13319,Wilkinson,0008
13321,Worth,0008
15000,Hawaii,0008
15001,Hawaii,0008
15003,Honolulu,0008
15005,Kalawao,0008
15007,Kauai,0008
15009,Maui,0008
16000,Idaho,0008
16001,Ada,0008
16003,Adams,0008
16005,Bannock,0008
16007,Bear Lake,0008
16009,Benewah,0008
16011,Bingham,0008
16013,Blaine,0008
16015,Boise,0008
16017,Bonner,0008
16019,Bonneville,0008
16021,Boundary,0008
16023,Butte,0008
16025,Camas,0008
16027,Canyon,0008
16029,Caribou,0008
16031,Cassia,0008
16033,Clark,0008
16035,Clearwater,0008
16037,Custer,0008
16039,Elmore,0008
16041,Franklin,0008
16043,Fremont,0008
16045,Gem,0008
16047,Gooding,0008
16049,Idaho,0008
16051,Jefferson,0008
16053,Jerome,0008
16055,Kootenai,0008
16057,Latah,0008
16059,Lemhi,0008
16061,Lewis,0008
16063,Lincoln,0008
16065,Madison,0008
16067,Minidoka,0008
16069,Nez Perce,0008
16071,Oneida,0008
16073,Owyhee,0008
16075,Payette,0008
16077,Power,0008
16079,Shoshone,0008
16081,Teton,0008
16083,Twin Falls,0008
16085,Valley,0008
16087,Washington,0008
17000,Illinois,0008
17001,Adams,0008
17003,Alexander,0008
17005,Bond,0008
17007,Boone,0008
17009,Brown,0008
17011,Bureau,0008
17013,Calhoun,0008
17015,Carroll,0008
17017,Cass,0008
17019,Champaign,0008
17021,Christian,0008
17023,Clark,0008
17025,Clay,0008
17027,Clinton,0008
17029,Coles,0008
17031,Cook,0008
17033,Crawford,0008
17035,Cumberland,0008
17037,DeKalb,0008
17039,De Witt,0008
17041,Douglas,0008
17043,DuPage,0008
17045,Edgar,0008
17047,Edwards,0008
17049,Effingham,0008
17051,Fayette,0008
17053,Ford,0008
17055,Franklin,0008
17057,Fulton,0008
17059,Gallatin,0008
17061,Greene,0008
17063,Grundy,0008
17065,Hamilton,0008
17067,Hancock,0008
17069,Hardin,0008
17071,Henderson,0008
17073,Henry,0008
17075,Iroquois,0008
17077,Jackson,0008
17079,Jasper,0008
17081,Jefferson,0008
17083,Jersey,0008
17085,Jo Daviess,0008
17087,Johnson,0008
17089,Kane,0008
17091,Kankakee,0008
17093,Kendall,0008
17095,Knox,0008
17097,Lake,0008
17099,La Salle,0008
17101,Lawrence,0008
17103,Lee,0008
17105,Livingston,0008
17107,Logan,0008
17109,McDonough,0008
17111,McHenry,0008
17113,McLean,0008
17115,Macon,0008
17117,Macoupin,0008
17119,Madison,0008
17121,Marion,0008
17123,Marshall,0008
17125,Mason,0008
17127,Massac,0008
17129,Menard,0008
17131,Mercer,0008
17133,Monroe,0008
17135,Montgomery,0008
17137,Morgan,0008
17139,Moultrie,0008
17141,Ogle,0008
17143,Peoria,0008
17145,Perry,0008
17147,Piatt,0008
17149,Pike,0008
17151,Pope,0008
17153,Pulaski,0008
17155,Putnam,0008
17157,Randolph,0008
17159,Richland,0008
17161,Rock Island,0008
17163,St. Clair,0008
17165,Saline,0008
17167,Sangamon,0008
17169,Schuyler,0008
17171,Scott,0008
17173,Shelby,0008
17175,Stark,0008
17177,Stephenson,0008
17179,Tazewell,0008
17181,Union,0008
17183,Vermilion,0008
17185,Wabash,0008
17187,Warren,0008
17189,Washington,0008
17191,Wayne,0008
17193,White,0008
17195,Whiteside,0008
17197,Will,0008
17199,Williamson,0008
17201,Winnebago,0008
17203,Woodford,0008
18000,Indiana,0008
18001,Adams,0008
18003,Allen,0008
18005,Bartholomew,0008
18007,Benton,0008
18009,Blackford,0008
18011,Boone,0008
18013,Brown,0008
18015,Carroll,0008
18017,Cass,0008
18019,Clark,0008
18021,Clay,0008
18023,Clinton,0008
18025,Crawford,0008
18027,Daviess,0008
18029,Dearborn,0008
18031,Decatur,0008
18033,De Kalb,0008
18035,Delaware,0008
18037,Dubois,0008
18039,Elkhart,0008
18041,Fayette,0008
18043,Floyd,0008
18045,Fountain,0008
18047,Franklin,0008
18049,Fulton,0008
18051,Gibson,0008
18053,Grant,0008
18055,Greene,0011
18057,Hamilton,0011
18059,Hancock,0011
18061,Harrison,0011
18063,Hendricks,0011
18065,Henry,0011
18067,Howard,0011
18069,Huntington,0011
18071,Jackson,0011
18073,Jasper,0011
18075,Jay,0011
18077,Jefferson,0011
18079,Jennings,0011
18081,Johnson,0011
18083,Knox,0011
18085,Kosciusko,0011
18087,Lagrange,0011
18089,Lake,0011
18091,La Porte,0011
18093,Lawrence,0011
18095,Madison,0011
18097,Marion,0011
18099,Marshall,0011
18101,Martin,0011
18103,Miami,0011
18105,Monroe,0011
18107,Montgomery,0011
18109,Morgan,0011
18111,Newton,0011
18113,Noble,0011
18115,Ohio,0011
18117,Orange,0011
18119,Owen,0011
18121,Parke,0011
18123,Perry,0011
18125,Pike,0011
18127,Porter,0011
18129,Posey,0011
18131,Pulaski,0011
18133,Putnam,0011
18135,Randolph,0011
18137,Ripley,0011
18139,Rush,0011
18141,St. Joseph,0011
18143,Scott,0011
18145,Shelby,0011
18147,Spencer,0011
18149,Starke,0011
18151,Steuben,0011
18153,Sullivan,0011
18155,Switzerland,0011
18157,Tippecanoe,0011
18159,Tipton,0011
18161,Union,0011
18163,Vanderburgh,0011
18165,Vermillion,0011
18167,Vigo,0011
18169,Wabash,0011
18171,Warren,0011
18173,Warrick,0011
18175,Washington,0011
18177,Wayne,0011
18179,Wells,0011
18181,White,0011
18183,Whitley,0011
19000,Iowa,0011
19001,Adair,0011
19003,Adams,0011
19005,Allamakee,0011
19007,Appanoose,0011
19009,Audubon,0011
19011,Benton,0011
19013,Black Hawk,0011
19015,Boone,0011
19017,Bremer,0011
19019,Buchanan,0011
19021,Buena Vista,0011
19023,Butler,0011
19025,Calhoun,0011
19027,Carroll,0011
19029,Cass,0011
19031,Cedar,0011
19033,Cerro Gordo,0011
19035,Cherokee,0011
19037,Chickasaw,0011
19039,Clarke,0011
19041,Clay,0011
19043,Clayton,0011
19045,Clinton,0011
19047,Crawford,0011
19049,Dallas,0011
19051,Davis,0011
19053,Decatur,0011
19055,Delaware,0011
19057,Des Moines,0011
19059,Dickinson,0011
19061,Dubuque,0011
19063,Emmet,0011
19065,Fayette,0011
19067,Floyd,0011
19069,Franklin,0011
19071,Fremont,0011
19073,Greene,0011
19075,Grundy,0011
19077,Guthrie,0011
19079,Hamilton,0011
19081,Hancock,0011
19083,Hardin,0011
19085,Harrison,0011
19087,Henry,0011
19089,Howard,0011
19091,Humboldt,0011
19093,Ida,0011
19095,Iowa,0011
19097,Jackson,0011
19099,Jasper,0011
19101,Jefferson,0011
19103,Johnson,0011
19105,Jones,0011
19107,Keokuk,0011
19109,Kossuth,0011
19111,Lee,0011
19113,Linn,0011
19115,Louisa,0011
19117,Lucas,0011
19119,Lyon,0011
19121,Madison,0011
19123,Mahaska,0011
19125,Marion,0011
19127,Marshall,0011
19129,Mills,0011
19131,Mitchell,0011
19133,Monona,0011
19135,Monroe,0011
19137,Montgomery,0011
19139,Muscatine,0011
19141,O'Brien,0011
19143,Osceola,0011
19145,Page,0011
19147,Palo Alto,0011
19149,Plymouth,0011
19151,Pocahontas,0011
19153,Polk,0011
19155,Pottawattamie,0011
19157,Poweshiek,0011
19159,Ringgold,0011
19161,Sac,0011
19163,Scott,0011
19165,Shelby,0011
19167,Sioux,0011
19169,Story,0011
19171,Tama,0011
19173,Taylor,0011
19175,Union,0011
19177,Van Buren,0011
19179,Wapello,0011
19181,Warren,0011
19183,Washington,0011
19185,Wayne,0011
19187,Webster,0011
19189,Winnebago,0011
19191,Winneshiek,0011
19193,Woodbury,0011
19195,Worth,0011
19197,Wright,0011
20000,Kansas,0011
20001,Allen,0011
20003,Anderson,0011
20005,Atchison,0011
20007,Barber,0011
20009,Barton,0011
20011,Bourbon,0011
20013,Brown,0011
20015,Butler,0011
20017,Chase,0011
20019,Chautauqua,0011
20021,Cherokee,0011
20023,Cheyenne,0011
20025,Clark,0011
20027,Clay,0011
20029,Cloud,0011
20031,Coffey,0011
20033,Comanche,0011
20035,Cowley,0011
20037,Crawford,0011
20039,Decatur,0011
20041,Dickinson,0011
20043,Doniphan,0011
20045,Douglas,0011
20047,Edwards,0011
20049,Elk,0011
20051,Ellis,0011
20053,Ellsworth,0011
20055,Finney,0011
20057,Ford,0011
20059,Franklin,0011
20061,Geary,0011
20063,Gove,0011
20065,Graham,0011
20067,Grant,0011
20069,Gray,0011
20071,Greeley,0011
20073,Greenwood,0011
20075,Hamilton,0011
20077,Harper,0011
20079,Harvey,0011
20081,Haskell,0011
20083,Hodgeman,0011
20085,Jackson,0011
20087,Jefferson,0011
20089,Jewell,0011
20091,Johnson,0011
20093,Kearny,0011
20095,Kingman,0011
20097,Kiowa,0011
20099,Labette,0011
20101,Lane,0011
20103,Leavenworth,0011
20105,Lincoln,0011
20107,Linn,0011
20109,Logan,0011
20111,Lyon,0011
20113,McPherson,0011
20115,Marion,0011
20117,Marshall,0011
20119,Meade,0011
20121,Miami,0011
20123,Mitchell,0011
20125,Montgomery,0011
20127,Morris,0031
20129,Morton,0031
20131,Nemaha,0031
20133,Neosho,0031
20135,Ness,0031
20137,Norton,0031
20139,Osage,0031
20141,Osborne,0031
20143,Ottawa,0031
20145,Pawnee,0031
20147,Phillips,0031
20149,Pottawatomie,0031
20151,Pratt,0031
20153,Rawlins,0031
20155,Reno,0031
20157,Republic,0031
20159,Rice,0031
20161,Riley,0031
20163,Rooks,0031
20165,Rush,0031
20167,Russell,0031
20169,Saline,0031
20171,Scott,0031
20173,Sedgwick,0031
20175,Seward,0031
20177,Shawnee,0031
20179,Sheridan,0031
20181,Sherman,0031
20183,Smith,0031
20185,Stafford,0031
20187,Stanton,0031
20189,Stevens,0031
20191,Sumner,0031
20193,Thomas,0031
20195,Trego,0031
20197,Wabaunsee,0031
20199,Wallace,0031
20201,Washington,0031
20203,Wichita,0031
20205,Wilson,0031
20207,Woodson,0031
20209,Wyandotte,0031
21000,Kentucky,0031
21001,Adair,0031
21003,Allen,0031
21005,Anderson,0031
21007,Ballard,0031
21009,Barren,0031
21011,Bath,0031
21013,Bell,0031
21015,Boone,0031
21017,Bourbon,0031
21019,Boyd,0031
21021,Boyle,0031
21023,Bracken,0031
21025,Breathitt,0031
21027,Breckinridge,0031
21029,Bullitt,0031
21031,Butler,0031
21033,Caldwell,0031
21035,Calloway,0031
21037,Campbell,0031
21039,Carlisle,0031
21041,Carroll,0031
21043,Carter,0031
21045,Casey,0039
21047,Christian,0039
21049,Clark,0039
21051,Clay,0039
21053,Clinton,0039
21055,Crittenden,0039
21057,Cumberland,0039
21059,Daviess,0039
21061,Edmonson,0039
21063,Elliott,0039
21065,Estill,0039
21067,Fayette,0039
21069,Fleming,0039
21071,Floyd,0039
21073,Franklin,0039
21075,Fulton,0039
21077,Gallatin,0039
21079,Garrard,0039
21081,Grant,0039
21083,Graves,0039
21085,Grayson,0039
21087,Green,0039
21089,Greenup,0039
21091,Hancock,0039
21093,Hardin,0039
21095,Harlan,0039
21097,Harrison,0039
21099,Hart,0039
21101,Henderson,0039
21103,Henry,0039
21105,Hickman,0039
21107,Hopkins,0039
21109,Jackson,0039
21111,Jefferson,0039
21113,Jessamine,0039
21115,Johnson,0039
21117,Kenton,0039
21119,Knott,0039
21121,Knox,0039
21123,Larue,0039
21125,Laurel,0039
21127,Lawrence,0039
21129,Lee,0039
21131,Leslie,0039
21133,Letcher,0039
21135,Lewis,0039
21137,Lincoln,0039
21139,Livingston,0039
21141,Logan,0039
21143,Lyon,0039
21145,McCracken,0039
21147,McCreary,0039
21149,McLean,0039
21151,Madison,0039
21153,Magoffin,0039
21155,Marion,0039
21157,Marshall,0039
21159,Martin,0039
21161,Mason,0039
21163,Meade,0039
21165,Menifee,0039
21167,Mercer,0039
21169,Metcalfe,0039
21171,Monroe,0039
21173,Montgomery,0039
21175,Morgan,0039
21177,Muhlenberg,0039
21179,Nelson,0039
21181,Nicholas,0039
21183,Ohio,0039
21185,Oldham,0039
21187,Owen,0039
21189,Owsley,0039
21191,Pendleton,0039
21193,Perry,0039
21195,Pike,0039
21197,Powell,0039
21199,Pulaski,0039
21201,Robertson,0039
21203,Rockcastle,0039
21205,Rowan,0039
21207,Russell,0039
21209,Scott,0039
21211,Shelby,0039
21213,Simpson,0039
21215,Spencer,0039
21217,Taylor,0039
21219,Todd,0039
21221,Trigg,0039
21223,Trimble,0039
21225,Union,0039
21227,Warren,0039
21229,Washington,0039
21231,Wayne,0039
21233,Webster,0039
21235,Whitley,0039
21237,Wolfe,0039
21239,Woodford,0039
22000,Louisiana,0039
22001,Acadia,0039
22003,Allen,0039
22005,Ascension,0039
22007,Assumption,0039
22009,Avoyelles,0039
22011,Beauregard,0039
22013,Bienville,0039
22015,Bossier,0039
22017,Caddo,0039
22019,Calcasieu,0039
22021,Caldwell,0039
22023,Cameron,0039
22025,Catahoula,0039
22027,Claiborne,0039
22029,Concordia,0039
22031,De Soto,0039
22033,East Baton Rouge,0039
22035,East Carroll,0039
22037,East Feliciana,0039
22039,Evangeline,0039
22041,Franklin,0039
22043,Grant,0039
22045,Iberia,0039
22047,Iberville,0039
22049,Jackson,0039
22051,Jefferson,0039
22053,Jefferson Davis,0039
22055,Lafayette,0039
22057,Lafourche,0039
22059,La Salle,0039
22061,Lincoln,0039
22063,Livingston,0039
22065,Madison,0039
22067,Morehouse,0039
22069,Natchitoches,0039
22071,Orleans,0039
22073,Ouachita,0039
22075,Plaquemines,0039
22077,Pointe Coupee,0039
22079,Rapides,0039
22081,Red River,0039
22083,Richland,0039
22085,Sabine,0039
22087,St. Bernard,0039
22089,St. Charles,0039
22091,St. Helena,0039
22093,St. James,0039
22095,St. John the Baptist,0039
22097,St. Landry,0039
22099,St. Martin,0039
22101,St. Mary,0039
22103,St. Tammany,0039
22105,Tangipahoa,0039
22107,Tensas,0039
22109,Terrebonne,0039
22111,Union,0039
22113,Vermilion,0039
22115,Vernon,0039
22117,Washington,0039
22119,Webster,0039
22121,West Baton Rouge,0039
22123,West Carroll,0039
22125,West Feliciana,0039
22127,Winn,0039
23000,Maine,0039
23001,Androscoggin,0039
23003,Aroostook,0039
23005,Cumberland,0039
23007,Franklin,0039
23009,Hancock,0039
23011,Kennebec,0039
23013,Knox,0039
23015,Lincoln,0039
23017,Oxford,0039
23019,Penobscot,0039
23021,Piscataquis,0039
23023,Sagadahoc,0039
23025,Somerset,0039
23027,Waldo,0039
23029,Washington,0039
23031,York,0039
24000,Maryland,0039
24001,Allegany,0039
24003,Anne Arundel,0039
24005,Baltimore,0039
24009,Calvert,0039
24011,Caroline,0039
24013,Carroll,0039
24015,Cecil,0039
24017,Charles,0039
24019,Dorchester,0039
24021,Frederick,0039
24023,Garrett,0039
24025,Harford,0039
24027,Howard,0039
24029,Kent,0039
24031,Montgomery,0039
24033,Prince George's,0039
24035,Queen Anne's,0039
24037,St. Mary's,0039
24039,Somerset,0039
24041,Talbot,0039
24043,Washington,0039
24045,Wicomico,0039
24047,Worcester,0039
24510,Baltimore city,0039
25000,Massachusetts,0039
25001,Barnstable,0039
25003,Berkshire,0039
25005,Bristol,0039
25007,Dukes,0039
25009,Essex,0039
25011,Franklin,0039
25013,Hampden,0039
25015,Hampshire,0039
25017,Middlesex,0039
25019,Nantucket,0039
25021,Norfolk,0039
25023,Plymouth,0039
25025,Suffolk,0039
25027,Worcester,0039
26000,Michigan,0039
26001,Alcona,0039
26003,Alger,0039
26005,Allegan,0039
26007,Alpena,0039
26009,Antrim,0039
26011,Arenac,0039
26013,Baraga,0039
26015,Barry,0039
26017,Bay,0039
26019,Benzie,0039
26021,Berrien,0039
26023,Branch,0039
26025,Calhoun,0039
26027,Cass,0039
26029,Charlevoix,0039
26031,Cheboygan,0039
26033,Chippewa,0039
26035,Clare,0039
26037,Clinton,0039
26039,Crawford,0039
26041,Delta,0039
26043,Dickinson,0039
26045,Eaton,0039
26047,Emmet,0039
26049,Genesee,0039
26051,Gladwin,0039
26053,Gogebic,0039
26055,Grand Traverse,0039
26057,Gratiot,0039
26059,Hillsdale,0039
26061,Houghton,0039
26063,Huron,0039
26065,Ingham,0039
26067,Ionia,0039
26069,Iosco,0039
26071,Iron,0039
26073,Isabella,0039
26075,Jackson,0047
26077,Kalamazoo,0047
26079,Kalkaska,0047
26081,Kent,0047
26083,Keweenaw,0047
26085,Lake,0047
26087,Lapeer,0047
26089,Leelanau,0047
26091,Lenawee,0047
26093,Livingston,0047
26095,Luce,0047
26097,Mackinac,0047
26099,Macomb,0047
26101,Manistee,0047
26103,Marquette,0047
26105,Mason,0047
26107,Mecosta,0047
26109,Menominee,0047
26111,Midland,0047
26113,Missaukee,0047
26115,Monroe,0047
26117,Montcalm,0047
26119,Montmorency,0047
26121,Muskegon,0047
26123,Newaygo,0047
26125,Oakland,0047
26127,Oceana,0047
26129,Ogemaw,0047
26131,Ontonagon,0047
26133,Osceola,0047
26135,Oscoda,0047
26137,Otsego,0047
26139,Ottawa,0047
26141,Presque Isle,0047
26143,Roscommon,0047
26145,Saginaw,0047
26147,St. Clair,0047
26149,St. Joseph,0047
26151,Sanilac,0047
26153,Schoolcraft,0047
26155,Shiawassee,0047
26157,Tuscola,0047
26159,Van Buren,0047
26161,Washtenaw,0047
26163,Wayne,0047
26165,Wexford,0047
27000,Minnesota,0047
27001,Aitkin,0047
27003,Anoka,0047
27005,Becker,0047
27007,Beltrami,0047
27009,Benton,0047
27011,Big Stone,0047
27013,Blue Earth,0047
27015,Brown,0047
27017,Carlton,0047
27019,Carver,0047
27021,Cass,0047
27023,Chippewa,0047
27025,Chisago,0047
27027,Clay,0047
27029,Clearwater,0047
27031,Cook,0047
27033,Cottonwood,0047
27035,Crow Wing,0047
27037,Dakota,0047
27039,Dodge,0047
27041,Douglas,0047
27043,Faribault,0047
27045,Fillmore,0047
27047,Freeborn,0047
27049,Goodhue,0047
27051,Grant,0047
27053,Hennepin,0047
27055,Houston,0047
27057,Hubbard,0047
27059,Isanti,0047
27061,Itasca,0047
27063,Jackson,0047
27065,Kanabec,0047
27067,Kandiyohi,0038
27069,Kittson,0038
27071,Koochiching,0038
27073,Lac qui Parle,0038
27075,Lake,0038
27077,Lake of the Woods,0038
27079,Le Sueur,0038
27081,Lincoln,0038
27083,Lyon,0038
27085,McLeod,0038
27087,Mahnomen,0038
27089,Marshall,0038
27091,Martin,0038
27093,Meeker,0038
27095,Mille Lacs,0038
27097,Morrison,0038
27099,Mower,0038
27101,Murray,0038
27103,Nicollet,0038
27105,Nobles,0038
27107,Norman,0038
27109,Olmsted,0038
27111,Otter Tail,0038
27113,Pennington,0044
27115,Pine,0044
27117,Pipestone,0044
27119,Polk,0044
27121,Pope,0044
27123,Ramsey,0044
27125,Red Lake,0044
27127,Redwood,0044
27129,Renville,0044
27131,Rice,0044
27133,Rock,0044
27135,Roseau,0044
27137,St. Louis,0044
27139,Scott,0044
27141,Sherburne,0044
27143,Sibley,0044
27145,Stearns,0044
27147,Steele,0044
27149,Stevens,0044
27151,Swift,0044
27153,Todd,0044
27155,Traverse,0044
27157,Wabasha,0044
27159,Wadena,0044
27161,Waseca,0044
27163,Washington,0044
27165,Watonwan,0044
27167,Wilkin,0044
27169,Winona,0044
27171,Wright,0044
27173,Yellow Medicine,0044
28000,Mississippi,0044
28001,Adams,0044
28003,Alcorn,0044
28005,Amite,0044
28007,Attala,0044
28009,Benton,0044
28011,Bolivar,0044
28013,Calhoun,0044
28015,Carroll,0044
28017,Chickasaw,0044
28019,Choctaw,0044
28021,Claiborne,0044
28023,Clarke,0044
28025,Clay,0044
28027,Coahoma,0044
28029,Copiah,0044
28031,Covington,0044
28033,DeSoto,0044
28035,Forrest,0044
28037,Franklin,0044
28039,George,0044
28041,Greene,0044
28043,Grenada,0044
28045,Hancock,0044
28047,Harrison,0044
28049,Hinds,0044
28051,Holmes,0044
28053,Humphreys,0044
28055,Issaquena,0044
28057,Itawamba,0044
28059,Jackson,0044
28061,Jasper,0044
28063,Jefferson,0044
28065,Jefferson Davis,0044
28067,Jones,0044
28069,Kemper,0044
28071,Lafayette,0044
28073,Lamar,0044
28075,Lauderdale,0044
28077,Lawrence,0044
28079,Leake,0044
28081,Lee,0044
28083,Leflore,0044
28085,Lincoln,0044
28087,Lowndes,0044
28089,Madison,0044
28091,Marion,0044
28093,Marshall,0044
28095,Monroe,0044
28097,Montgomery,0044
28099,Neshoba,0044
28101,Newton,0044
28103,Noxubee,0044
28105,Oktibbeha,0044
28107,Panola,0044
28109,Pearl River,0044
28111,Perry,0044
28113,Pike,0044
28115,Pontotoc,0044
28117,Prentiss,0044
28119,Quitman,0044
28121,Rankin,0044
28123,Scott,0044
28125,Sharkey,0044
28127,Simpson,0044
28129,Smith,0044
28131,Stone,0044
28133,Sunflower,0044
28135,Tallahatchie,0044
28137,Tate,0044
28139,Tippah,0044
28141,Tishomingo,0044
28143,Tunica,0044
28145,Union,0044
28147,Walthall,0044
28149,Warren,0044
28151,Washington,0044
28153,Wayne,0044
28155,Webster,0044
28157,Wilkinson,0044
28159,Winston,0044
28161,Yalobusha,0044
28163,Yazoo,0044
29000,Missouri,0044
29001,Adair,0044
29003,Andrew,0044
29005,Atchison,0044
29007,Audrain,0044
29009,Barry,0044
29011,Barton,0044
29013,Bates,0044
29015,Benton,0044
29017,Bollinger,0044
29019,Boone,0044
29021,Buchanan,0044
29023,Butler,0044
29025,Caldwell,0044
29027,Callaway,0044
29029,Camden,0044
29031,Cape Girardeau,0044
29033,Carroll,0044
29035,Carter,0044
29037,Cass,0019
29039,Cedar,0019
29041,Chariton,0019
29043,Christian,0019
29045,Clark,0019
29047,Clay,0019
29049,Clinton,0019
29051,Cole,0019
29053,Cooper,0019
29055,Crawford,0019
29057,Dade,0019
29059,Dallas,0019
29061,Daviess,0019
29063,De Kalb,0019
29065,Dent,0019
29067,Douglas,0019
29069,Dunklin,0019
29071,Franklin,0019
29073,Gasconade,0019
29075,Gentry,0019
29077,Greene,0019
29079,Grundy,0019
29081,Harrison,0019
29083,Henry,0019
29085,Hickory,0023
29087,Holt,0023
29089,Howard,0023
29091,Howell,0023
29093,Iron,0023
29095,Jackson,0023
29097,Jasper,0023
29099,Jefferson,0023
29101,Johnson,0023
29103,Knox,0023
29105,Laclede,0023
29107,Lafayette,0023
29109,Lawrence,0023
29111,Lewis,0023
29113,Lincoln,0023
29115,Linn,0023
29117,Livingston,0023
29119,McDonald,0023
29121,Macon,0023
29123,Madison,0023
29125,Maries,0023
29127,Marion,0023
29129,Mercer,0023
29131,Miller,0023
29133,Mississippi,0023
29135,Moniteau,0023
29137,Monroe,0023
29139,Montgomery,0023
29141,Morgan,0023
29143,New Madrid,0023
29145,Newton,0023
29147,Nodaway,0023
29149,Oregon,0023
29151,Osage,0023
29153,Ozark,0023
29155,Pemiscot,0023
29157,Perry,0023
29159,Pettis,0023
29161,Phelps,0023
29163,Pike,0023
29165,Platte,0023
29167,Polk,0023
29169,Pulaski,0023
29171,Putnam,0023
29173,Ralls,0023
29175,Randolph,0023
29177,Ray,0023
29179,Reynolds,0023
29181,Ripley,0023
29183,St. Charles,0023
29185,St. Clair,0023
29186,Ste. Genevieve,0023
29187,St. Francois,0023
29189,St. Louis,0023
29195,Saline,0023
29197,Schuyler,0023
29199,Scotland,0023
29201,Scott,0023
29203,Shannon,0023
29205,Shelby,0023
29207,Stoddard,0023
29209,Stone,0023
29211,Sullivan,0023
29213,Taney,0023
29215,Texas,0023
29217,Vernon,0023
29219,Warren,0023
29221,Washington,0023
29223,Wayne,0023
29225,Webster,0023
29227,Worth,0023
29229,Wright,0023
29510,St. Louis city,0023
30000,Montana,0023
30001,Beaverhead,0023
30003,Big Horn,0023
30005,Blaine,0023
30007,Broadwater,0023
30009,Carbon,0023
30011,Carter,0023
30013,Cascade,0023
30015,Chouteau,0023
30017,Custer,0023
30019,Daniels,0023
30021,Dawson,0023
30023,Deer Lodge,0023
30025,Fallon,0023
30027,Fergus,0023
30029,Flathead,0023
30031,Gallatin,0023
30033,Garfield,0023
30035,Glacier,0023
30037,Golden Valley,0023
30039,Granite,0023
30041,Hill,0023
30043,Jefferson,0023
30045,Judith Basin,0023
30047,Lake,0023
30049,Lewis and Clark,0023
30051,Liberty,0023
30053,Lincoln,0023
30055,McCone,0023
30057,Madison,0023
30059,Meagher,0023
30061,Mineral,0023
30063,Missoula,0023
30065,Musselshell,0023
30067,Park,0023
30069,Petroleum,0023
30071,Phillips,0023
30073,Pondera,0023
30075,Powder River,0023
30077,Powell,0023
30079,Prairie,0023
30081,Ravalli,0023
30083,Richland,0023
30085,Roosevelt,0023
30087,Rosebud,0023
30089,Sanders,0004
30091,Sheridan,0004
30093,Silver Bow,0004
30095,Stillwater,0004
30097,Sweet Grass,0004
30099,Teton,0004
30101,Toole,0004
30103,Treasure,0004
30105,Valley,0004
30107,Wheatland,0004
30109,Wibaux,0004
30111,Yellowstone,0004
30113,Yellowstone National Park,0004
31000,Nebraska,0004
31001,Adams,0004
31003,Antelope,0004
31005,Arthur,0004
31007,Banner,0004
31009,Blaine,0004
31011,Boone,0004
31013,Box Butte,0004
31015,Boyd,0004
31017,Brown,0004
31019,Buffalo,0004
31021,Burt,0004
31023,Butler,0004
31025,Cass,0004
31027,Cedar,0004
31029,Chase,0004
31031,Cherry,0004
31033,Cheyenne,0004
31035,Clay,0004
31037,Colfax,0004
31039,Cuming,0004
31041,Custer,0004
31043,Dakota,0004
31045,Dawes,0004
31047,Dawson,0004
31049,Deuel,0004
31051,Dixon,0004
31053,Dodge,0004
31055,Douglas,0004
31057,Dundy,0004
31059,Fillmore,0004
31061,Franklin,0004
31063,Frontier,0004
31065,Furnas,0004
31067,Gage,0004
31069,Garden,0004
31071,Garfield,0004
31073,Gosper,0004
31075,Grant,0004
31077,Greeley,0004
31079,Hall,0004
31081,Hamilton,0004
31083,Harlan,0004
31085,Hayes,0004
31087,Hitchcock,0004
31089,Holt,0004
31091,Hooker,0004
31093,Howard,0004
31095,Jefferson,0004
31097,Johnson,0004
31099,Kearney,0004
31101,Keith,0004
31103,Keya Paha,0004
31105,Kimball,0004
31107,Knox,0004
31109,Lancaster,0004
31111,Lincoln,0004
31113,Logan,0004
31115,Loup,0004
31117,McPherson,0004
31119,Madison,0004
31121,Merrick,0004
31123,Morrill,0004
31125,Nance,0004
31127,Nemaha,0004
31129,Nuckolls,0004
31131,Otoe,0004
31133,Pawnee,0004
31135,Perkins,0004
31137,Phelps,0004
31139,Pierce,0004
31141,Platte,0004
31143,Polk,0004
31145,Red Willow,0004
31147,Richardson,0004
31149,Rock,0004
31151,Saline,0004
31153,Sarpy,0004
31155,Saunders,0004
31157,Scotts Bluff,0004
31159,Seward,0004
31161,Sheridan,0004
31163,Sherman,0004
31165,Sioux,0004
31167,Stanton,0004
31169,Thayer,0004
31171,Thomas,0004
31173,Thurston,0004
31175,Valley,0004
31177,Washington,0004
31179,Wayne,0004
31181,Webster,0004
31183,Wheeler,0004
31185,York,0004
32000,Nevada,0046
32001,Churchill,0046
32003,Clark,0046
32005,Douglas,0046
32007,Elko,0046
32009,Esmeralda,0046
32011,Eureka,0046
32013,Humboldt,0046
32015,Lander,0046
32017,Lincoln,0046
32019,Lyon,0046
32021,Mineral,0046
32023,Nye,0046
32027,Pershing,0046
32029,Storey,0046
32031,Washoe,0046
32033,White Pine,0046
32510,Carson City,0046
33000,New Hampshire,0017
33001,Belknap,0017
33003,Carroll,0017
33005,Cheshire,0017
33007,Coos,0017
33009,Grafton,0017
33011,Hillsborough,0017
33013,Merrimack,0017
33015,Rockingham,0017
33017,Strafford,0017
33019,Sullivan,0017
34000,New Jersey,0017
34001,Atlantic,0017
34003,Bergen,0012
34005,Burlington,0012
34007,Camden,0012
34009,Cape May,0012
34011,Cumberland,0012
34013,Essex,0012
34015,Gloucester,0012
34017,Hudson,0012
34019,Hunterdon,0012
34021,Mercer,0012
34023,Middlesex,0012
34025,Monmouth,0012
34027,Morris,0012
34029,Ocean,0022
34031,Passaic,0022
34033,Salem,0022
34035,Somerset,0022
34037,Sussex,0022
34039,Union,0022
34041,Warren,0022
35000,New Mexico,0022
35001,Bernalillo,0022
35003,Catron,0022
35005,Chaves,0025
35006,Cibola,0025
35007,Colfax,0025
35009,Curry,0025
35011,De Baca,0025
35013,Dona Ana,0025
35015,Eddy,0025
35017,Grant,0025
35019,Guadalupe,0025
35021,Harding,0025
35023,Hidalgo,0043
35025,Lea,0043
35027,Lincoln,0043
35028,Los Alamos,0043
35029,Luna,0043
35031,McKinley,0043
35033,Mora,0043
35035,Otero,0043
35037,Quay,0043
35039,Rio Arriba,0043
35041,Roosevelt,0018
35043,Sandoval,0018
35045,San Juan,0018
35047,San Miguel,0018
35049,Santa Fe,0018
35051,Sierra,0018
35053,Socorro,0018
35055,Taos,0018
35057,Torrance,0018
35059,Union,0018
35061,Valencia,0018
36000,New York,0018
36001,Albany,0018
36003,Allegany,0036
36005,Bronx,0036
36007,Broome,0036
36009,Cattaraugus,0036
36011,Cayuga,0036
36013,Chautauqua,0036
36015,Chemung,0036
36017,Chenango,0036
36019,Clinton,0036
36021,Columbia,0036
36023,Cortland,0036
36025,Delaware,0050
36027,Dutchess,0050
36029,Erie,0050
36031,Essex,0050
36033,Franklin,0050
36035,Fulton,0050
36037,Genesee,0050
36039,Greene,0050
36041,Hamilton,0050
36043,Herkimer,0050
36045,Jefferson,0050
36047,Kings,0050
36049,Lewis,0050
36051,Livingston,0050
36053,Madison,0050
36055,Monroe,0050
36057,Montgomery,0050
36059,Nassau,0050
36061,New York,0050
36063,Niagara,0050
36065,Oneida,0024
36067,Onondaga,0024
36069,Ontario,0024
36071,Orange,0024
36073,Orleans,0024
36075,Oswego,0024
36077,Otsego,0024
36079,Putnam,0024
36081,Queens,0024
36083,Rensselaer,0024
36085,Richmond,0024
36087,Rockland,0024
36089,St. Lawrence,0024
36091,Saratoga,0047
36093,Schenectady,0047
36095,Schoharie,0047
36097,Schuyler,0047
36099,Seneca,0047
36101,Steuben,0047
36103,Suffolk,0047
36105,Sullivan,0047
36107,Tioga,0047
36109,Tompkins,0047
36111,Ulster,0047
36113,Warren,0047
36115,Washington,0047
36117,Wayne,0047
36119,Westchester,0047
36121,Wyoming,0047
36123,Yates,0047
37000,North Carolina,0047
37001,Alamance,0047
37003,Alexander,0047
37005,Alleghany,0047
37007,Anson,0047
37009,Ashe,0047
37011,Avery,0047
37013,Beaufort,0047
37015,Bertie,0047
37017,Bladen,0047
37019,Brunswick,0001
37021,Buncombe,0001
37023,Burke,0013
37025,Cabarrus,0001
37027,Caldwell,0001
37029,Camden,0005
37031,Carteret,0008
37033,Caswell,0001
37035,Catawba,0013
37037,Chatham,0048
37039,Cherokee,0001
37041,Chowan,0034
37043,Clay,0026
37045,Cleveland,0001
37047,Columbus,0039
37049,Craven,0001
37051,Cumberland,0049
37053,Currituck,0049
37055,Dare,0049
37057,Davidson,0049
37059,Davie,0049
37061,Duplin,0049
37063,Durham,0049
37065,Edgecombe,0049
37067,Forsyth,0049
37069,Franklin,0049
37071,Gaston,0049
37073,Gates,0049
37075,Graham,0049
37077,Granville,0049
37079,Greene,0049
37081,Guilford,0049
37083,Halifax,0049
37085,Harnett,0029
37087,Haywood,0029
37089,Henderson,0029
37091,Hertford,0029
37093,Hoke,0029
37095,Hyde,0029
37097,Iredell,0029
37099,Jackson,0029
37101,Johnston,0029
37103,Jones,0029
37105,Lee,0029
37107,Lenoir,0029
37109,Lincoln,0037
37111,McDowell,0037
37113,Macon,0037
37115,Madison,0037
37117,Martin,0037
37119,Mecklenburg,0037
37121,Mitchell,0037
37123,Montgomery,0037
37125,Moore,0037
37127,Nash,0037
37129,New Hanover,0037
37131,Northampton,0037
37133,Onslow,0037
37135,Orange,0037
37137,Pamlico,0037
37139,Pasquotank,0037
37141,Pender,0037
37143,Perquimans,0002
37145,Person,0002
37147,Pitt,0002
37149,Polk,0002
37151,Randolph,0002
37153,Richmond,0002
37155,Robeson,0042
37157,Rockingham,0042
37159,Rowan,0042
37161,Rutherford,0042
37163,Sampson,0042
37165,Scotland,0012
37167,Stanly,0012
37169,Stokes,0012
37171,Surry,0012
37173,Swain,0032
37175,Transylvania,0032
37177,Tyrrell,0032
37179,Union,0032
37181,Vance,0032
37183,Wake,0032
37185,Warren,0003
37187,Washington,0003
37189,Watauga,0003
37191,Wayne,0003
37193,Wilkes,0023
37195,Wilson,0023
37197,Yadkin,0023
37199,Yancey,0023
38000,North Dakota,0020
38001,Adams,0043
38003,Barnes,0043
38005,Benson,0043
38007,Billings,0043
38009,Bottineau,0043
38011,Bowman,0043
38013,Burke,0013
38015,Burleigh,0013
38017,Cass,0013
38019,Cavalier,0013
38021,Dickey,0013
38023,Divide,0013
38025,Dunn,0013
38027,Eddy,0033
38029,Emmons,0033
38031,Foster,0033
38033,Golden Valley,0033
38035,Grand Forks,0033
38037,Grant,0004
38039,Griggs,0004
38041,Hettinger,0004
38043,Kidder,0004
38045,La Moure,0024
38047,Logan,0024
38049,McHenry,0024
38051,McIntosh,0024
38053,McKenzie,0024
38055,McLean,0014
38057,Mercer,0014
38059,Morton,0014
38061,Mountrail,0014
38063,Nelson,0014
38065,Oliver,0014
38067,Pembina,0014
38069,Pierce,0014
38071,Ramsey,0044
38073,Ransom,0044
38075,Renville,0044
38077,Richland,0044
38079,Rolette,0044
38081,Sargent,0034
38083,Sheridan,0034
38085,Sioux,0034
38087,Slope,0034
38089,Stark,0034
38091,Steele,0015
38093,Stutsman,0015
38095,Towner,0015
38097,Traill,0015
38099,Walsh,0015
38101,Ward,0015
38103,Wells,0015
38105,Williams,0015
39000,Ohio,0045
39001,Adams,0045
39003,Allen,0045
39005,Ashland,0045
39007,Ashtabula,0045
39009,Athens,0045
39011,Auglaize,0045
39013,Belmont,0005
39015,Brown,0005
39017,Butler,0005
39019,Carroll,0005
39021,Champaign,0005
39023,Clark,0005
39025,Clermont,0025
39027,Clinton,0025
39029,Columbiana,0025
39031,Coshocton,0025
39033,Crawford,0025
39035,Cuyahoga,0025
39037,Darke,0025
39039,Defiance,0025
39041,Delaware,0035
39043,Erie,0035
39045,Fairfield,0035
39047,Fayette,0035
39049,Franklin,0035
39051,Fulton,0035
39053,Gallia,0035
39055,Geauga,0035
39057,Greene,0001
39059,Guernsey,0036
39061,Hamilton,0036
39063,Hancock,0036
39065,Hardin,0036
39067,Harrison,0036
39069,Henry,0036
39071,Highland,0036
39073,Hocking,0036
39075,Holmes,0006
39077,Huron,0006
39079,Jackson,0006
39081,Jefferson,0006
39083,Knox,0006
39085,Lake,0006
39087,Lawrence,0006
39089,Licking,0006
39091,Logan,0026
39093,Lorain,0026
39095,Lucas,0026
39097,Madison,0026
39099,Mahoning,0026
39101,Marion,0026
39103,Medina,0026
39105,Meigs,0026
39107,Mercer,0026
39109,Miami,0046
39111,Monroe,0046
39113,Montgomery,0046
39115,Morgan,0046
39117,Morrow,0046
39119,Muskingum,0046
39121,Noble,0046
39123,Ottawa,0046
39125,Paulding,0046
39127,Perry,0046
39129,Pickaway,0046
39131,Pike,0016
39133,Portage,0016
39135,Preble,0016
39137,Putnam,0016
39139,Richland,0016
39141,Ross,0016
39143,Sandusky,0016
39145,Scioto,0016
39147,Seneca,0016
39149,Shelby,0037
39151,Stark,0037
39153,Summit,0037
39155,Trumbull,0037
39157,Tuscarawas,0037
39159,Union,0037
39161,Van Wert,0037
39163,Vinton,0037
39165,Warren,0037
39167,Washington,0037
39169,Wayne,0007
39171,Williams,0007
39173,Wood,0007
39175,Wyandot,0007
40000,Oklahoma,0007
40001,Adair,0007
40003,Alfalfa,0007
40005,Atoka,0007
40007,Beaver,0007
40009,Beckham,0007
40011,Blaine,0027
40013,Bryan,0027
40015,Caddo,0027
40017,Canadian,0027
40019,Carter,0027
40021,Cherokee,0027
40023,Choctaw,0027
40025,Cimarron,0027
40027,Cleveland,0027
40029,Coal,0047
40031,Comanche,0047
40033,Cotton,0047
40035,Craig,0047
40037,Creek,0047
40039,Custer,0047
40041,Delaware,0047
40043,Dewey,0047
40045,Ellis,0047
40047,Garfield,0047
40049,Garvin,0017
40051,Grady,0017
40053,Grant,0017
40055,Greer,0017
40057,Harmon,0017
40059,Harper,0017
40061,Haskell,0017
40063,Hughes,0017
40065,Jackson,0017
40067,Jefferson,0017
40069,Johnston,0017
40071,Kay,0017
40073,Kingfisher,0048
40075,Kiowa,0048
40077,Latimer,0048
40079,Le Flore,0048
40081,Lincoln,0048
40083,Logan,0048
40085,Love,0048
40087,McClain,0048
40089,McCurtain,0048
40091,McIntosh,0048
40093,Major,0048
40095,Marshall,0048
40097,Mayes,0048
40099,Murray,0048
40101,Muskogee,0048
40103,Noble,0048
40105,Nowata,0048
40107,Okfuskee,0048
40109,Oklahoma,0048
40111,Okmulgee,0048
40113,Osage,0048
40115,Ottawa,0048
40117,Pawnee,0048
40119,Payne,0048
40121,Pittsburg,0048
40123,Pontotoc,0048
40125,Pottawatomie,0048
40127,Pushmataha,0048
40129,Roger Mills,0048
40131,Rogers,0048
40133,Seminole,0048
40135,Sequoyah,0048
40137,Stephens,0048
40139,Texas,0048
40141,Tillman,0048
40143,Tulsa,0048
40145,Wagoner,0048
40147,Washington,0048
40149,Washita,0018
40151,Woods,0018
40153,Woodward,0018
41000,Oregon,0018
41001,Baker,0018
41003,Benton,0018
41005,Clackamas,0018
41007,Clatsop,0018
41009,Columbia,0018
41011,Coos,0018
41013,Crook,0018
41015,Curry,0038
41017,Deschutes,0038
41019,Douglas,0038
41021,Gilliam,0038
41023,Grant,0038
41025,Harney,0038
41027,Hood River,0038
41029,Jackson,0038
41031,Jefferson,0038
41033,Josephine,0038
41035,Klamath,0038
41037,Lake,0038
41039,Lane,0038
41041,Lincoln,0038
41043,Linn,0008
41045,Malheur,0008
41047,Marion,0008
41049,Morrow,0008
41051,Multnomah,0008
41053,Polk,0008
41055,Sherman,0008
41057,Tillamook,0008
41059,Umatilla,0008
41061,Union,0008
41063,Wallowa,0008
41065,Wasco,0008
41067,Washington,0008
41069,Wheeler,0008
41071,Yamhill,0028
42000,Pennsylvania,0028
42001,Adams,0028
42003,Allegheny,0028
42005,Armstrong,0028
42007,Beaver,0028
42009,Bedford,0028
42011,Berks,0028
42013,Blair,0028
42015,Bradford,0028
42017,Bucks,0028
42019,Butler,0028
42021,Cambria,0028
42023,Cameron,0028
42025,Carbon,0028
42027,Centre,0028
42029,Chester,0028
42031,Clarion,0028
42033,Clearfield,0028
42035,Clinton,0028
42037,Columbia,0028
42039,Crawford,0028
42041,Cumberland,0028
42043,Dauphin,0028
42045,Delaware,0028
42047,Elk,0028
42049,Erie,0028
42051,Fayette,0028
42053,Forest,0028
42055,Franklin,0028
42057,Fulton,0028
42059,Greene,0028
42061,Huntingdon,0028
42063,Indiana,0029
42065,Jefferson,0029
42067,Juniata,0029
42069,Lackawanna,0029
42071,Lancaster,0029
42073,Lawrence,0029
42075,Lebanon,0029
42077,Lehigh,0029
42079,Luzerne,0029
42081,Lycoming,0029
42083,McKean,0029
42085,Mercer,0029
42087,Mifflin,0029
42089,Monroe,0029
42091,Montgomery,0009
42093,Montour,0009
42095,Northampton,0009
42097,Northumberland,0009
42099,Perry,0009
42101,Philadelphia,0009
42103,Pike,0009
42105,Potter,0009
42107,Schuylkill,0009
42109,Snyder,0009
42111,Somerset,0009
42113,Sullivan,0009
42115,Susquehanna,0009
42117,Tioga,0009
42119,Union,0009
42121,Venango,0009
42123,Warren,0039
42125,Washington,0039
42127,Wayne,0039
42129,Westmoreland,0039
42131,Wyoming,0039
42133,York,0039
44000,Rhode Island,0039
44001,Bristol,0039
44003,Kent,0039
44005,Newport,0039
44007,Providence,0039
44009,Washington,0039
45000,South Carolina,0039
45001,Abbeville,0019
45003,Aiken,0019
45005,Allendale,0019
45007,Anderson,0019
45009,Bamberg,0019
45011,Barnwell,0019
45013,Beaufort,0019
45015,Berkeley,0019
45017,Calhoun,0019
45019,Charleston,0019
45021,Cherokee,0019
45023,Chester,0019
45025,Chesterfield,0019
45027,Clarendon,0019
45029,Colleton,0019
45031,Darlington,0019
45033,Dillon,0019
45035,Dorchester,0019
45037,Edgefield,0019
45039,Fairfield,0019
45041,Florence,0019
45043,Georgetown,0019
45045,Greenville,0019
45047,Greenwood,0049
45049,Hampton,0049
45051,Horry,0049
45053,Jasper,0049
45055,Kershaw,0049
45057,Lancaster,0049
45059,Laurens,0049
45061,Lee,0049
45063,Lexington,0049
45065,McCormick,0049
45067,Marion,0049
45069,Marlboro,0049
45071,Newberry,0049
45073,Oconee,0049
45075,Orangeburg,0049
45077,Pickens,0049
45079,Richland,0049
45081,Saluda,0049
45083,Spartanburg,0049
45085,Sumter,0049
45087,Union,0049
45089,Williamsburg,0001
45091,York,0001
46000,South Dakota,0020
46003,Aurora,0005
46005,Beadle,0005
46007,Bennett,0005
46009,Bon Homme,0005
46011,Brookings,0005
46013,Brown,0005
46015,Brule,0005
46017,Buffalo,0005
46019,Butte,0005
46021,Campbell,0005
46023,Charles Mix,0001
46025,Clark,0001
46027,Clay,0001
46029,Codington,0007
46031,Corson,0007
46033,Custer,0007
46035,Davison,0007
46037,Day,0007
46039,Deuel,0007
46041,Dewey,0007
46043,Douglas,0007
46045,Edmunds,0007
46047,Fall River,0007
46049,Faulk,0001
46051,Grant,0001
46053,Gregory,0001
46055,Haakon,0016
46057,Hamlin,0016
46059,Hand,0016
46061,Hanson,0016
46063,Harding,0016
46065,Hughes,0016
46067,Hutchinson,0016
46069,Hyde,0016
46071,Jackson,0016
46073,Jerauld,0016
46075,Jones,0016
46077,Kingsbury,0001
46079,Lake,0001
46081,Lawrence,0046
46083,Lincoln,0046
46085,Lyman,0046
46087,McCook,0046
46089,McPherson,0046
46091,Marshall,0046
46093,Meade,0046
46095,Mellette,0046
46097,Miner,0046
46099,Minnehaha,0046
46101,Moody,0046
46103,Pennington,0046
46105,Perkins,0046
46107,Potter,0046
46109,Roberts,0046
46111,Sanborn,0046
46113,Shannon,0001
46115,Spink,0001
46117,Stanley,0038
46119,Sully,0038
46121,Todd,0038
46123,Tripp,0038
46125,Turner,0038
46127,Union,0038
46129,Walworth,0038
46135,Yankton,0038
46137,Ziebach,0038
47000,Tennessee,0038
47001,Anderson,0038
47003,Bedford,0038
47005,Benton,0038
47007,Bledsoe,0038
47009,Blount,0038
47011,Bradley,0038
47013,Campbell,0001
47015,Cannon,0001
47017,Carroll,0009
47019,Carter,0009
47021,Cheatham,0009
47023,Chester,0009
47025,Claiborne,0009
47027,Clay,0009
47029,Cocke,0009
47031,Coffee,0009
47033,Crockett,0009
47035,Cumberland,0009
47037,Davidson,0009
47039,Decatur,0001
47041,DeKalb,0001
47043,Dickson,0001
47045,Dyer,0001
47047,Fayette,0021
47049,Fentress,0021
47051,Franklin,0021
47053,Gibson,0021
47055,Giles,0021
47057,Grainger,0021
47059,Greene,0021
47061,Grundy,0021
47063,Hamblen,0021
47065,Hamilton,0021
47067,Hancock,0021
47069,Hardeman,0021
47071,Hardin,0021
47073,Hawkins,0021
47075,Haywood,0021
47077,Henderson,0021
47079,Henry,0021
47081,Hickman,0001
47083,Houston,0001
47085,Humphreys,0004
47087,Jackson,0045
47089,Jefferson,0007
47091,Johnson,0001
47093,Knox,0001
47095,Lake,0033
47097,Lauderdale,0033
47099,Lawrence,0033
47101,Lewis,0033
47103,Lincoln,0033
47105,Loudon,0033
47107,McMinn,0033
47109,McNairy,0033
47111,Macon,0033
47113,Madison,0033
47115,Marion,0033
47117,Marshall,0033
47119,Maury,0033
47121,Meigs,0033
47123,Monroe,0033
47125,Montgomery,0033
47127,Moore,0033
47129,Morgan,0033
47131,Obion,0033
47133,Overton,0033
47135,Perry,0033
47137,Pickett,0033
47139,Polk,0033
47141,Putnam,0033
47143,Rhea,0033
47145,Roane,0033
47147,Robertson,0033
47149,Rutherford,0033
47151,Scott,0033
47153,Sequatchie,0033
47155,Sevier,0033
47157,Shelby,0033
47159,Smith,0033
47161,Stewart,0033
47163,Sullivan,0033
47165,Sumner,0033
47167,Tipton,0033
47169,Trousdale,0033
47171,Unicoi,0033
47173,Union,0033
47175,Van Buren,0033
47177,Warren,0033
47179,Washington,0033
47181,Wayne,0033
47183,Weakley,0033
47185,White,0033
47187,Williamson,0033
47189,Wilson,0033
48000,Texas,0033
48001,Anderson,0033
48003,Andrews,0033
48005,Angelina,0033
48007,Aransas,0033
48009,Archer,0033
48011,Armstrong,0033
48013,Atascosa,0033
48015,Austin,0033
48017,Bailey,0033
48019,Bandera,0033
48021,Bastrop,0033
48023,Baylor,0033
48025,Bee,0033
48027,Bell,0033
48029,Bexar,0033
48031,Blanco,0033
48033,Borden,0033
48035,Bosque,0033
48037,Bowie,0033
48039,Brazoria,0033
48041,Brazos,0033
48043,Brewster,0033
48045,Briscoe,0033
48047,Brooks,0001
48049,Brown,0001
48051,Burleson,0001
48053,Burnet,0001
48055,Caldwell,0001
48057,Calhoun,0001
48059,Callahan,0001
48061,Cameron,0001
48063,Camp,0039
48065,Carson,0039
48067,Cass,0039
48069,Castro,0039
48071,Chambers,0039
48073,Cherokee,0039
48075,Childress,0039
48077,Clay,0039
48079,Cochran,0039
48081,Coke,0039
48083,Coleman,0039
48085,Collin,0039
48087,Collingsworth,0039
48089,Colorado,0039
48091,Comal,0039
48093,Comanche,0039
48095,Concho,0039
48097,Cooke,0039
48099,Coryell,0039
48101,Cottle,0039
48103,Crane,0039
48105,Crockett,0039
48107,Crosby,0039
48109,Culberson,0039
48111,Dallam,0039
48113,Dallas,0039
48115,Dawson,0039
48117,Deaf Smith,0039
48119,Delta,0039
48121,Denton,0039
48123,De Witt,0039
48125,Dickens,0039
48127,Dimmit,0039
48129,Donley,0039
48131,Duval,0039
48133,Eastland,0039
48135,Ector,0039
48137,Edwards,0039
48139,Ellis,0039
48141,El Paso,0039
48143,Erath,0039
48145,Falls,0039
48147,Fannin,0039
48149,Fayette,0039
48151,Fisher,0039
48153,Floyd,0039
48155,Foard,0039
48157,Fort Bend,0039
48159,Franklin,0039
48161,Freestone,0039
48163,Frio,0039
48165,Gaines,0039
48167,Galveston,0039
48169,Garza,0039
48171,Gillespie,0039
48173,Glasscock,0039
48175,Goliad,0039
48177,Gonzales,0039
48179,Gray,0039
48181,Grayson,0039
48183,Gregg,0039
48185,Grimes,0039
48187,Guadalupe,0039
48189,Hale,0039
48191,Hall,0039
48193,Hamilton,0001
48195,Hansford,0001
48197,Hardeman,0001
48199,Hardin,0003
48201,Harris,0003
48203,Harrison,0003
48205,Hartley,0003
48207,Haskell,0003
48209,Hays,0003
48211,Hemphill,0003
48213,Henderson,0003
48215,Hidalgo,0003
48217,Hill,0003
48219,Hockley,0003
48221,Hood,0003
48223,Hopkins,0003
48225,Houston,0003
48227,Howard,0003
48229,Hudspeth,0001
48231,Hunt,0001
48233,Hutchinson,0001
48235,Irion,0028
48237,Jack,0028
48239,Jackson,0028
48241,Jasper,0028
48243,Jeff Davis,0028
48245,Jefferson,0028
48247,Jim Hogg,0028
48249,Jim Wells,0028
48251,Johnson,0028
48253,Jones,0028
48255,Karnes,0028
48257,Kaufman,0028
48259,Kendall,0028
48261,Kenedy,0028
48263,Kent,0028
48265,Kerr,0028
48267,Kimble,0028
48269,King,0028
48271,Kinney,0028
48273,Kleberg,0001
48275,Knox,0001
48277,Lamar,0001
48279,Lamb,0001
48281,Lampasas,0001
48283,La Salle,0021
48285,Lavaca,0021
48287,Lee,0021
48289,Leon,0021
48291,Liberty,0021
48293,Limestone,0021
48295,Lipscomb,0021
48297,Live Oak,0021
48299,Llano,0021
48301,Loving,0021
48303,Lubbock,0001
48305,Lynn,0001
48307,McCulloch,0001
48309,McLennan,0001
48311,McMullen,0048
48313,Madison,0048
48315,Marion,0048
48317,Martin,0048
48319,Mason,0048
48321,Matagorda,0048
48323,Maverick,0048
48325,Medina,0048
48327,Menard,0048
48329,Midland,0048
48331,Milam,0048
48333,Mills,0048
48335,Mitchell,0048
48337,Montague,0048
48339,Montgomery,0048
48341,Moore,0048
48343,Morris,0048
48345,Motley,0048
48347,Nacogdoches,0048
48349,Navarro,0048
48351,Newton,0048
48353,Nolan,0048
48355,Nueces,0048
48357,Ochiltree,0048
48359,Oldham,0048
48361,Orange,0048
48363,Palo Pinto,0048
48365,Panola,0048
48367,Parker,0048
48369,Parmer,0048
48371,Pecos,0048
48373,Polk,0048
48375,Potter,0048
48377,Presidio,0048
48379,Rains,0048
48381,Randall,0048
48383,Reagan,0048
48385,Real,0048
48387,Red River,0048
48389,Reeves,0048
48391,Refugio,0048
48393,Roberts,0048
48395,Robertson,0048
48397,Rockwall,0048
48399,Runnels,0048
48401,Rusk,0048
48403,Sabine,0048
48405,San Augustine,0048
48407,San Jacinto,0048
48409,San Patricio,0048
48411,San Saba,0048
48413,Schleicher,0048
48415,Scurry,0048
48417,Shackelford,0048
48419,Shelby,0048
48421,Sherman,0048
48423,Smith,0048
48425,Somervell,0048
48427,Starr,0048
48429,Stephens,0048
48431,Sterling,0048
48433,Stonewall,0048
48435,Sutton,0048
48437,Swisher,0048
48439,Tarrant,0048
48441,Taylor,0048
48443,Terrell,0048
48445,Terry,0048
48447,Throckmorton,0048
48449,Titus,0048
48451,Tom Green,0048
48453,Travis,0048
48455,Trinity,0048
48457,Tyler,0048
48459,Upshur,0048
48461,Upton,0048
48463,Uvalde,0048
48465,Val Verde,0048
48467,Van Zandt,0048
48469,Victoria,0048
48471,Walker,0048
48473,Waller,0048
48475,Ward,0048
48477,Washington,0048
48479,Webb,0048
48481,Wharton,0048
48483,Wheeler,0048
48485,Wichita,0048
48487,Wilbarger,0048
48489,Willacy,0048
48491,Williamson,0048
48493,Wilson,0048
48495,Winkler,0048
48497,Wise,0048
48499,Wood,0048
48501,Yoakum,0048
48503,Young,0048
48505,Zapata,0048
48507,Zavala,0048
49000,Utah,0048
49001,Beaver,0048
49003,Box Elder,0048
49005,Cache,0048
49007,Carbon,0048
49009,Daggett,0048
49011,Davis,0048
49013,Duchesne,0048
49015,Emery,0048
49017,Garfield,0048
49019,Grand,0048
49021,Iron,0048
49023,Juab,0048
49025,Kane,0048
49027,Millard,0048
49029,Morgan,0048
49031,Piute,0048
49033,Rich,0048
49035,Salt Lake,0048
49037,San Juan,0048
49039,Sanpete,0048
49041,Sevier,0001
49043,Summit,0001
49045,Tooele,0004
49047,Uintah,0004
49049,Utah,0004
49051,Wasatch,0004
49053,Washington,0004
49055,Wayne,0004
49057,Weber,0004
50000,Vermont,0004
50001,Addison,0004
50003,Bennington,0004
50005,Caledonia,0004
50007,Chittenden,0004
50009,Essex,0004
50011,Franklin,0004
50013,Grand Isle,0004
50015,Lamoille,0004
50017,Orange,0001
50019,Orleans,0001
50021,Rutland,0001
50023,Washington,0001
50025,Windham,0015
50027,Windsor,0015
51000,Virginia,0015
51001,Accomack,0015
51003,Albemarle,0015
51005,Alleghany,0015
51007,Amelia,0015
51009,Amherst,0015
51011,Appomattox,0015
51013,Arlington,0015
51015,Augusta,0015
51017,Bath,0015
51019,Bedford,0015
51021,Bland,0015
51023,Botetourt,0015
51025,Brunswick,0015
51027,Buchanan,0015
51029,Buckingham,0001
51031,Campbell,0001
51033,Caroline,0001
51035,Carroll,0001
51036,Charles City,0001
51037,Charlotte,0001
51041,Chesterfield,0042
51043,Clarke,0042
51045,Craig,0042
51047,Culpeper,0042
51049,Cumberland,0042
51051,Dickenson,0042
51053,Dinwiddie,0042
51057,Essex,0042
51059,Fairfax,0042
51061,Fauquier,0042
51063,Floyd,0042
51065,Fluvanna,0042
51067,Franklin,0042
51069,Frederick,0042
51071,Giles,0042
51073,Gloucester,0042
51075,Goochland,0042
51077,Grayson,0042
51079,Greene,0001
51081,Greensville,0001
51083,Halifax,0001
51085,Hanover,0001
51087,Henrico,0001
51089,Henry,0001
51091,Highland,0013
51093,Isle of Wight,0013
51095,James City,0013
51097,King and Queen,0013
51099,King George,0013
51101,King William,0013
51103,Lancaster,0013
51105,Lee,0013
51107,Loudoun,0013
51109,Louisa,0013
51111,Lunenburg,0013
51113,Madison,0013
51115,Mathews,0013
51117,Mecklenburg,0013
51119,Middlesex,0013
51121,Montgomery,0013
51125,Nelson,0013
51127,New Kent,0013
51131,Northampton,0013
51133,Northumberland,0013
51135,Nottoway,0013
51137,Orange,0013
51139,Page,0013
51141,Patrick,0013
51143,Pittsylvania,0013
51145,Powhatan,0013
51147,Prince Edward,0013
51149,Prince George,0013
51153,Prince William,0013
51155,Pulaski,0013
51157,Rappahannock,0013
51159,Richmond,0013
51161,Roanoke,0001
51163,Rockbridge,0001
51165,Rockingham,0001
51167,Russell,0001
51169,Scott,0007
51171,Shenandoah,0007
51173,Smyth,0007
51175,Southampton,0007
51177,Spotsylvania,0007
51179,Stafford,0007
51181,Surry,0007
51183,Sussex,0007
51185,Tazewell,0007
51187,Warren,0007
51191,Washington,0007
51193,Westmoreland,0007
51195,Wise,0001
51197,Wythe,0001
51199,York,0001
51510,Alexandria,0001
51515,Bedford,0036
51520,Bristol,0036
51530,Buena Vista,0036
51540,Charlottesville,0036
51550,Chesapeake,0036
51560,Clifton Forge,0036
51570,Colonial Heights,0036
51580,Covington,0036
51590,Danville,0036
51595,Emporia,0036
51600,Fairfax,0036
51610,Falls Church,0036
51620,Franklin,0036
51630,Fredericksburg,0036
51640,Galax,0036
51650,Hampton,0036
51660,Harrisonburg,0036
51670,Hopewell,0036
51678,Lexington,0036
51680,Lynchburg,0036
51683,Manassas,0036
51685,Manassas Park,0036
51690,Martinsville,0036
51700,Newport News,0036
51710,Norfolk,0036
51720,Norton,0036
51730,Petersburg,0036
51735,Poquoson,0036
51740,Portsmouth,0036
51750,Radford,0036
51760,Richmond,0036
51770,Roanoke,0036
51775,Salem,0036
51780,South Boston,0036
51790,Staunton,0036
51800,Suffolk,0036
51810,Virginia Beach,0036
51820,Waynesboro,0036
51830,Williamsburg,0036
51840,Winchester,0001
53000,Washington,0002
53001,Adams,0002
53003,Asotin,0002
53005,Benton,0002
53007,Chelan,0002
53009,Clallam,0002
53011,Clark,0002
53013,Columbia,0002
53015,Cowlitz,0002
53017,Douglas,0001
53019,Ferry,0001
53021,Franklin,0001
53023,Garfield,0001
53025,Grant,0026
53027,Grays Harbor,0026
53029,Island,0026
53031,Jefferson,0026
53033,King,0026
53035,Kitsap,0026
53037,Kittitas,0026
53039,Klickitat,0026
53041,Lewis,0026
53043,Lincoln,0026
53045,Mason,0026
53047,Okanogan,0026
53049,Pacific,0026
53051,Pend Oreille,0001
53053,Pierce,0001
53055,San Juan,0001
53057,Skagit,0033
53059,Skamania,0033
53061,Snohomish,0033
53063,Spokane,0033
53065,Stevens,0033
53067,Thurston,0033
53069,Wahkiakum,0033
53071,Walla Walla,0033
53073,Whatcom,0033
53075,Whitman,0033
53077,Yakima,0033
54000,West Virginia,0033
54001,Barbour,0033
54003,Berkeley,0033
54005,Boone,0033
54007,Braxton,0033
54009,Brooke,0033
54011,Cabell,0001
54013,Calhoun,0001
54015,Clay,0001
54017,Doddridge,0001
54019,Fayette,0004
54021,Gilmer,0004
54023,Grant,0004
54025,Greenbrier,0004
54027,Hampshire,0004
54029,Hancock,0004
54031,Hardy,0004
54033,Harrison,0004
54035,Jackson,0004
54037,Jefferson,0004
54039,Kanawha,0004
54041,Lewis,0004
54043,Lincoln,0004
54045,Logan,0004
54047,McDowell,0004
54049,Marion,0004
54051,Marshall,0004
54053,Mason,0004
54055,Mercer,0001
54057,Mineral,0001
54059,Mingo,0001
54061,Monongalia,0001
54063,Monroe,0001
54065,Morgan,0017
54067,Nicholas,0017
54069,Ohio,0017
54071,Pendleton,0017
54073,Pleasants,0017
54075,Pocahontas,0017
54077,Preston,0017
54079,Putnam,0017
54081,Raleigh,0017
54083,Randolph,0017
54085,Ritchie,0017
54087,Roane,0017
54089,Summers,0017
54091,Taylor,0017
54093,Tucker,0017
54095,Tyler,0017
54097,Upshur,0017
54099,Wayne,0017
54101,Webster,0017
54103,Wetzel,0017
54105,Wirt,0017
54107,Wood,0017
54109,Wyoming,0017
55000,Wisconsin,0017
55001,Adams,0017
55003,Ashland,0017
55005,Barron,0017
55007,Bayfield,0017
55009,Brown,0017
55011,Buffalo,0017
55013,Burnett,0017
55015,Calumet,0017
55017,Chippewa,0017
55019,Clark,0017
55021,Columbia,0017
55023,Crawford,0017
55025,Dane,0017
55027,Dodge,0017
55029,Door,0017
55031,Douglas,0017
55033,Dunn,0017
55035,Eau Claire,0017
55037,Florence,0017
55039,Fond du Lac,0017
55041,Forest,0017
55043,Grant,0017
55045,Green,0017
55047,Green Lake,0017
55049,Iowa,0017
55051,Iron,0017
55053,Jackson,0017
55055,Jefferson,0017
55057,Juneau,0017
55059,Kenosha,0017
55061,Kewaunee,0017
55063,La Crosse,0017
55065,Lafayette,0017
55067,Langlade,0017
55069,Lincoln,0017
55071,Manitowoc,0017
55073,Marathon,0017
55075,Marinette,0017
55077,Marquette,0017
55078,Menominee,0017
55079,Milwaukee,0017
55081,Monroe,0017
55083,Oconto,0017
55085,Oneida,0001
55087,Outagamie,0001
55089,Ozaukee,0001
55091,Pepin,0001
55093,Pierce,0001
55095,Polk,0001
55097,Portage,0001
55099,Price,0001
55101,Racine,0001
55103,Richland,0001
55105,Rock,0001
55107,Rusk,0028
55109,St. Croix,0028
55111,Sauk,0028
55113,Sawyer,0028
55115,Shawano,0028
55117,Sheboygan,0028
55119,Taylor,0028
55121,Trempealeau,0028
55123,Vernon,0028
55125,Vilas,0028
55127,Walworth,0028
55129,Washburn,0028
55131,Washington,0028
55133,Waukesha,0028
55135,Waupaca,0028
55137,Waushara,0028
55139,Winnebago,0028
55141,Wood,0028
56000,Wyoming,0028
56001,Albany,0028
56003,Big Horn,0028
56005,Campbell,0028
56007,Carbon,0028
56009,Converse,0028
56011,Crook,0028
56013,Fremont,0028
56015,Goshen,0001
56017,Hot Springs,0001
56019,Johnson,0001
56021,Laramie,0001
56023,Lincoln,0001
56025,Natrona,0049
56027,Niobrara,0049
56029,Park,0049
56031,Platte,0049
56033,Sheridan,0049
56035,Sublette,0049
56037,Sweetwater,0049
56039,Teton,0049
56041,Uinta,0049
56043,Washakie,0049
56045,Weston,0049
60000,America Somoa,0049
60010,Eastern,0049
60020,Manu'a,0049
60030,Rose Island,0049
60040,Swains Island,0049
60050,Western,0049
64000,Federated States of Micronesia,0049
64002,Chuuk,0049
64005,Kosrae,0049
64040,Pohnpeit,0049
64060,Yap,0049
66000,Guam,0049
66010,Guam,0049
68000,Marshall Islands,0049
68007,Ailinginae,0049
68010,Ailinglaplap,0049
68030,Ailuk,0049
68040,Arno,0049
68050,Aur,0049
68060,Bikar,0049
68070,Bikini,0049
68073,Bokak,0049
68080,Ebon,0049
68090,Enewetak,0049
68100,Erikub,0049
68110,Jabat,0049
68120,Jaluit,0049
68130,Jemo,0049
68140,Kili,0049
68150,Kwajalein,0049
68160,Lae,0049
68170,Lib,0049
68180,Likiep,0049
68190,Majuro,0049
68300,Maloelap,0049
68310,Mejit,0049
68320,Mili,0049
68330,Namorik,0049
68340,Namu,0049
68350,Rongelap,0049
68360,Rongrik,0049
68385,Toke,0049
68390,Ujae,0049
68400,Ujelang,0049
68410,Utrik,0049
68420,Wotho,0049
68430,Wotle,0049
69000,Northern Mariana Islands,0001
69085,Northern Islands,0001
69100,Rota,0001
69110,Saipan,0001
69120,Tinian,0001
70000,Palau,0035
70002,Aimeliik,0035
70004,Airai,0035
70212,Melekeok,0035
70214,Ngaraard,0035
70227,Ngernmlengui,0035
70228,Ngiwal,0035
72000,Puerto Rico,0035
72001,Adjuntas,0035
72003,Aguada,0035
72005,Aguadilla,0035
72007,Aguas Buenas,0035
72009,Aibonito,0035
72011,Anasco,0035
72013,Arecibo,0035
72015,Arroyo,0035
72017,Barceloneta,0035
72019,Barranquitas,0035
72021,Bayamo'n,0035
72023,Cabo Rojo,0035
72025,Caguas,0035
72027,Camuy,0035
72029,Canovanas,0035
72031,Carolina,0035
72033,Catano,0035
72035,Cayey,0035
72037,Ceiba,0035
72041,Cidra,0035
72043,Coamo,0035
72045,Comerio,0035
72047,Corozal,0035
72049,Culebra,0035
72051,Dorado,0035
72053,Fajardo,0035
72054,Florida,0035
72055,Guanica,0035
72057,Guayama,0035
72059,Guayanilla,0035
72061,Guaynabo,0035
72063,Gurabo,0035
72065,Hatillo,0035
72067,Hormigueros,0035
72069,Humacao,0035
72071,Isabela,0035
72073,Jayuya,0035
72075,Juana Diaz,0035
72077,Juncos,0035
72079,Lajas,0035
72081,Lares,0035
72083,Las Marias,0035
72085,Las Piedras,0035
72087,Loiza,0035
72089,Luquillo,0035
72091,Manati,0035
72093,Maricao,0035
72097,Mayaguez,0035
72099,Moca,0035
72101,Morovis,0035
72103,Naguabo,0035
72105,Naranjito,0035
72107,Orocovis,0035
72109,Patillas,0035
72111,Penuelas,0035
72113,Ponce,0035
72115,Quebradillas,0035
72117,Rincon,0035
72119,Rio Grande,0035
72121,Sabana Grande,0035
72123,Salinas,0035
72125,San German,0035
72127,San Juan,0035
72129,San Lorenzo,0035
72131,San Sebastian,0035
72133,Santa Isabel,0035
72135,Toa Alta,0035
72137,Toa Baja,0035
72139,Trujillo Alto,0035
72141,Utuado,0035
72143,Vega Alta,0035
72145,Vega Baja,0035
72147,Vieques,0035
72149,Villalba,0035
72151,Yabucoa,0001
72153,Yauco,0001
74000,U.S. Minor Outlying Islands,0001
74050,Baker Island,0001
74100,Howland Island,0005
74150,Jarvis Island,0001
74200,Johnston Island,0022
74250,Kingman Reef,0022
74300,Midway Islands,0022
74350,Navassa Island,0022
74400,Palmyra Atoll,0022
74450,Wake Island,0022
78000,Virgin Islands of the United States,0022
78010,Angaur,0022
78010,St. Croix,0022
78020,St. John,0022
78030,St. Thomas,0022
78050,Hatoboheit,0022
78100,Kayangel,0022
78150,Koror,0001
78218,Ngarchelong,0001
78222,Ngardmau,0033
78224,Ngatpang,0033
78226,Ngchesar,0033
78350,Peleliu,0001
78370,Sonsorol,0005
